"File","PageFamily","ProposedOpenGraphTitle","ProposedOpenGraphDescription","ProposedOpenGraphType","ProposedOpenGraphUrlScheme","ProposedOpenGraphUrlHost","ProposedOpenGraphUrlPath","ProposedTwitterCard","ProposedTwitterTitle","ProposedTwitterDescription","ImageStrategy","IncludeInFirstSocialMetadataEdit","Notes"
"index.html","homepage-market-wide","Crain Bros Inc | Restoration, Repairs & Construction | Northeast Arkansas","Crain Bros Inc provides restoration, repair, construction, inspection, consulting, plumbing, waterproofing, and remodeling services across Northeast Arkansas.","website","https","services.crainbrosinc.com","/","summary_large_image","Crain Bros Inc | Restoration, Repairs & Construction | Northeast Arkansas","Crain Bros Inc provides restoration, repair, construction, inspection, consulting, plumbing, waterproofing, and remodeling services across Northeast Arkansas.","Decision required before HTML edit: use approved brand/social image or page-family image. No og:image will be applied until image strategy is approved.","Yes","Ads pages excluded from first social metadata edit because ads canonical/indexing strategy remains decision-required."
"pages\building-consultant.html","service-category","Building Consultant | Crain Bros Inc | Northeast Arkansas","Crain Bros Inc provides building consultant services for properties across Northeast Arkansas.","article","https","services.crainbrosinc.com","/pages/building-consultant.html","summary_large_image","Building Consultant | Crain Bros Inc | Northeast Arkansas","Crain Bros Inc provides building consultant services for properties across Northeast Arkansas.","Decision required before HTML edit: use approved brand/social image or page-family image. No og:image will be applied until image strategy is approved.","Yes","Ads pages excluded from first social metadata edit because ads canonical/indexing strategy remains decision-required."
"pages\building-inspector.html","service-category","Building Inspection Services | Crain Bros Inc | Northeast Arkansas","Crain Bros Inc provides building inspection services for properties across Northeast Arkansas.","article","https","services.crainbrosinc.com","/pages/building-inspector.html","summary_large_image","Building Inspection Services | Crain Bros Inc | Northeast Arkansas","Crain Bros Inc provides building inspection services for properties across Northeast Arkansas.","Decision required before HTML edit: use approved brand/social image or page-family image. No og:image will be applied until image strategy is approved.","Yes","Ads pages excluded from first social metadata edit because ads canonical/indexing strategy remains decision-required."
"pages\building-restoration.html","service-category","Building Restoration | Crain Bros Inc | Northeast Arkansas","Crain Bros Inc provides building restoration services for properties across Northeast Arkansas.","article","https","services.crainbrosinc.com","/pages/building-restoration.html","summary_large_image","Building Restoration | Crain Bros Inc | Northeast Arkansas","Crain Bros Inc provides building restoration services for properties across Northeast Arkansas.","Decision required before HTML edit: use approved brand/social image or page-family image. No og:image will be applied until image strategy is approved.","Yes","Ads pages excluded from first social metadata edit because ads canonical/indexing strategy remains decision-required."
"pages\construction.html","service-category","Construction | Crain Bros Inc | Northeast Arkansas","Crain Bros Inc provides construction services for properties across Northeast Arkansas.","article","https","services.crainbrosinc.com","/pages/construction.html","summary_large_image","Construction | Crain Bros Inc | Northeast Arkansas","Crain Bros Inc provides construction services for properties across Northeast Arkansas.","Decision required before HTML edit: use approved brand/social image or page-family image. No og:image will be applied until image strategy is approved.","Yes","Ads pages excluded from first social metadata edit because ads canonical/indexing strategy remains decision-required."
"pages\fire-damage.html","service-category","Fire Damage Restoration | Crain Bros Inc | Northeast Arkansas","Crain Bros Inc provides fire damage restoration services for properties across Northeast Arkansas.","article","https","services.crainbrosinc.com","/pages/fire-damage.html","summary_large_image","Fire Damage Restoration | Crain Bros Inc | Northeast Arkansas","Crain Bros Inc provides fire damage restoration services for properties across Northeast Arkansas.","Decision required before HTML edit: use approved brand/social image or page-family image. No og:image will be applied until image strategy is approved.","Yes","Ads pages excluded from first social metadata edit because ads canonical/indexing strategy remains decision-required."
"pages\plumbing.html","service-category","Plumbing | Crain Bros Inc | Northeast Arkansas","Crain Bros Inc provides plumbing services for properties across Northeast Arkansas.","article","https","services.crainbrosinc.com","/pages/plumbing.html","summary_large_image","Plumbing | Crain Bros Inc | Northeast Arkansas","Crain Bros Inc provides plumbing services for properties across Northeast Arkansas.","Decision required before HTML edit: use approved brand/social image or page-family image. No og:image will be applied until image strategy is approved.","Yes","Ads pages excluded from first social metadata edit because ads canonical/indexing strategy remains decision-required."
"pages\remodeling.html","service-category","Remodeling | Crain Bros Inc | Northeast Arkansas","Crain Bros Inc provides remodeling services for properties across Northeast Arkansas.","article","https","services.crainbrosinc.com","/pages/remodeling.html","summary_large_image","Remodeling | Crain Bros Inc | Northeast Arkansas","Crain Bros Inc provides remodeling services for properties across Northeast Arkansas.","Decision required before HTML edit: use approved brand/social image or page-family image. No og:image will be applied until image strategy is approved.","Yes","Ads pages excluded from first social metadata edit because ads canonical/indexing strategy remains decision-required."
"pages\water-damage.html","service-category","Water Damage Restoration | Crain Bros Inc | Northeast Arkansas","Crain Bros Inc provides water damage restoration services for properties across Northeast Arkansas.","article","https","services.crainbrosinc.com","/pages/water-damage.html","summary_large_image","Water Damage Restoration | Crain Bros Inc | Northeast Arkansas","Crain Bros Inc provides water damage restoration services for properties across Northeast Arkansas.","Decision required before HTML edit: use approved brand/social image or page-family image. No og:image will be applied until image strategy is approved.","Yes","Ads pages excluded from first social metadata edit because ads canonical/indexing strategy remains decision-required."
"pages\waterproofing.html","service-category","Waterproofing | Crain Bros Inc | Northeast Arkansas","Crain Bros Inc provides waterproofing services for properties across Northeast Arkansas.","article","https","services.crainbrosinc.com","/pages/waterproofing.html","summary_large_image","Waterproofing | Crain Bros Inc | Northeast Arkansas","Crain Bros Inc provides waterproofing services for properties across Northeast Arkansas.","Decision required before HTML edit: use approved brand/social image or page-family image. No og:image will be applied until image strategy is approved.","Yes","Ads pages excluded from first social metadata edit because ads canonical/indexing strategy remains decision-required."
"areas\bay-ar-72411.html","service-area","Restoration & Construction Services in Bay, AR 72411 | Crain Bros Inc","Crain Bros Inc provides restoration, repair, construction, inspection, consulting, plumbing, waterproofing, and remodeling services in Bay, AR 72411 and nearby Northeast Arkansas communities.","article","https","services.crainbrosinc.com","/areas/bay-ar-72411.html","summary_large_image","Restoration & Construction Services in Bay, AR 72411 | Crain Bros Inc","Crain Bros Inc provides restoration, repair, construction, inspection, consulting, plumbing, waterproofing, and remodeling services in Bay, AR 72411 and nearby Northeast Arkansas communities.","Decision required before HTML edit: use approved brand/social image or page-family image. No og:image will be applied until image strategy is approved.","Yes","Ads pages excluded from first social metadata edit because ads canonical/indexing strategy remains decision-required."
"areas\blytheville-ar-72316.html","service-area","Restoration & Construction Services in Blytheville, AR 72316 | Crain Bros Inc","Crain Bros Inc provides restoration, repair, construction, inspection, consulting, plumbing, waterproofing, and remodeling services in Blytheville, AR 72316 and nearby Northeast Arkansas communities.","article","https","services.crainbrosinc.com","/areas/blytheville-ar-72316.html","summary_large_image","Restoration & Construction Services in Blytheville, AR 72316 | Crain Bros Inc","Crain Bros Inc provides restoration, repair, construction, inspection, consulting, plumbing, waterproofing, and remodeling services in Blytheville, AR 72316 and nearby Northeast Arkansas communities.","Decision required before HTML edit: use approved brand/social image or page-family image. No og:image will be applied until image strategy is approved.","Yes","Ads pages excluded from first social metadata edit because ads canonical/indexing strategy remains decision-required."
"areas\bono-ar-72416.html","service-area","Restoration & Construction Services in Bono, AR 72416 | Crain Bros Inc","Crain Bros Inc provides restoration, repair, construction, inspection, consulting, plumbing, waterproofing, and remodeling services in Bono, AR 72416 and nearby Northeast Arkansas communities.","article","https","services.crainbrosinc.com","/areas/bono-ar-72416.html","summary_large_image","Restoration & Construction Services in Bono, AR 72416 | Crain Bros Inc","Crain Bros Inc provides restoration, repair, construction, inspection, consulting, plumbing, waterproofing, and remodeling services in Bono, AR 72416 and nearby Northeast Arkansas communities.","Decision required before HTML edit: use approved brand/social image or page-family image. No og:image will be applied until image strategy is approved.","Yes","Ads pages excluded from first social metadata edit because ads canonical/indexing strategy remains decision-required."
"areas\brookland-ar-72417.html","service-area","Restoration & Construction Services in Brookland, AR 72417 | Crain Bros Inc","Crain Bros Inc provides restoration, repair, construction, inspection, consulting, plumbing, waterproofing, and remodeling services in Brookland, AR 72417 and nearby Northeast Arkansas communities.","article","https","services.crainbrosinc.com","/areas/brookland-ar-72417.html","summary_large_image","Restoration & Construction Services in Brookland, AR 72417 | Crain Bros Inc","Crain Bros Inc provides restoration, repair, construction, inspection, consulting, plumbing, waterproofing, and remodeling services in Brookland, AR 72417 and nearby Northeast Arkansas communities.","Decision required before HTML edit: use approved brand/social image or page-family image. No og:image will be applied until image strategy is approved.","Yes","Ads pages excluded from first social metadata edit because ads canonical/indexing strategy remains decision-required."
"areas\caraway-ar-72419.html","service-area","Restoration & Construction Services in Caraway, AR 72419 | Crain Bros Inc","Crain Bros Inc provides restoration, repair, construction, inspection, consulting, plumbing, waterproofing, and remodeling services in Caraway, AR 72419 and nearby Northeast Arkansas communities.","article","https","services.crainbrosinc.com","/areas/caraway-ar-72419.html","summary_large_image","Restoration & Construction Services in Caraway, AR 72419 | Crain Bros Inc","Crain Bros Inc provides restoration, repair, construction, inspection, consulting, plumbing, waterproofing, and remodeling services in Caraway, AR 72419 and nearby Northeast Arkansas communities.","Decision required before HTML edit: use approved brand/social image or page-family image. No og:image will be applied until image strategy is approved.","Yes","Ads pages excluded from first social metadata edit because ads canonical/indexing strategy remains decision-required."
"areas\gosnell-ar-72315.html","service-area","Restoration & Construction Services in Gosnell, AR 72315 | Crain Bros Inc","Crain Bros Inc provides restoration, repair, construction, inspection, consulting, plumbing, waterproofing, and remodeling services in Gosnell, AR 72315 and nearby Northeast Arkansas communities.","article","https","services.crainbrosinc.com","/areas/gosnell-ar-72315.html","summary_large_image","Restoration & Construction Services in Gosnell, AR 72315 | Crain Bros Inc","Crain Bros Inc provides restoration, repair, construction, inspection, consulting, plumbing, waterproofing, and remodeling services in Gosnell, AR 72315 and nearby Northeast Arkansas communities.","Decision required before HTML edit: use approved brand/social image or page-family image. No og:image will be applied until image strategy is approved.","Yes","Ads pages excluded from first social metadata edit because ads canonical/indexing strategy remains decision-required."
"areas\gosnell-ar-72319.html","service-area","Restoration & Construction Services in Gosnell, AR 72319 | Crain Bros Inc","Crain Bros Inc provides restoration, repair, construction, inspection, consulting, plumbing, waterproofing, and remodeling services in Gosnell, AR 72319 and nearby Northeast Arkansas communities.","article","https","services.crainbrosinc.com","/areas/gosnell-ar-72319.html","summary_large_image","Restoration & Construction Services in Gosnell, AR 72319 | Crain Bros Inc","Crain Bros Inc provides restoration, repair, construction, inspection, consulting, plumbing, waterproofing, and remodeling services in Gosnell, AR 72319 and nearby Northeast Arkansas communities.","Decision required before HTML edit: use approved brand/social image or page-family image. No og:image will be applied until image strategy is approved.","Yes","Ads pages excluded from first social metadata edit because ads canonical/indexing strategy remains decision-required."
"areas\harrisburg-ar-72432.html","service-area","Restoration & Construction Services in Harrisburg, AR 72432 | Crain Bros Inc","Crain Bros Inc provides restoration, repair, construction, inspection, consulting, plumbing, waterproofing, and remodeling services in Harrisburg, AR 72432 and nearby Northeast Arkansas communities.","article","https","services.crainbrosinc.com","/areas/harrisburg-ar-72432.html","summary_large_image","Restoration & Construction Services in Harrisburg, AR 72432 | Crain Bros Inc","Crain Bros Inc provides restoration, repair, construction, inspection, consulting, plumbing, waterproofing, and remodeling services in Harrisburg, AR 72432 and nearby Northeast Arkansas communities.","Decision required before HTML edit: use approved brand/social image or page-family image. No og:image will be applied until image strategy is approved.","Yes","Ads pages excluded from first social metadata edit because ads canonical/indexing strategy remains decision-required."
"areas\jonesboro-ar-72401.html","service-area","Restoration & Construction Services in Jonesboro, AR 72401 | Crain Bros Inc","Crain Bros Inc provides restoration, repair, construction, inspection, consulting, plumbing, waterproofing, and remodeling services in Jonesboro, AR 72401 and nearby Northeast Arkansas communities.","article","https","services.crainbrosinc.com","/areas/jonesboro-ar-72401.html","summary_large_image","Restoration & Construction Services in Jonesboro, AR 72401 | Crain Bros Inc","Crain Bros Inc provides restoration, repair, construction, inspection, consulting, plumbing, waterproofing, and remodeling services in Jonesboro, AR 72401 and nearby Northeast Arkansas communities.","Decision required before HTML edit: use approved brand/social image or page-family image. No og:image will be applied until image strategy is approved.","Yes","Ads pages excluded from first social metadata edit because ads canonical/indexing strategy remains decision-required."
"areas\jonesboro-ar-72402.html","service-area","Restoration & Construction Services in Jonesboro, AR 72402 | Crain Bros Inc","Crain Bros Inc provides restoration, repair, construction, inspection, consulting, plumbing, waterproofing, and remodeling services in Jonesboro, AR 72402 and nearby Northeast Arkansas communities.","article","https","services.crainbrosinc.com","/areas/jonesboro-ar-72402.html","summary_large_image","Restoration & Construction Services in Jonesboro, AR 72402 | Crain Bros Inc","Crain Bros Inc provides restoration, repair, construction, inspection, consulting, plumbing, waterproofing, and remodeling services in Jonesboro, AR 72402 and nearby Northeast Arkansas communities.","Decision required before HTML edit: use approved brand/social image or page-family image. No og:image will be applied until image strategy is approved.","Yes","Ads pages excluded from first social metadata edit because ads canonical/indexing strategy remains decision-required."
"areas\jonesboro-ar-72403.html","service-area","Restoration & Construction Services in Jonesboro, AR 72403 | Crain Bros Inc","Crain Bros Inc provides restoration, repair, construction, inspection, consulting, plumbing, waterproofing, and remodeling services in Jonesboro, AR 72403 and nearby Northeast Arkansas communities.","article","https","services.crainbrosinc.com","/areas/jonesboro-ar-72403.html","summary_large_image","Restoration & Construction Services in Jonesboro, AR 72403 | Crain Bros Inc","Crain Bros Inc provides restoration, repair, construction, inspection, consulting, plumbing, waterproofing, and remodeling services in Jonesboro, AR 72403 and nearby Northeast Arkansas communities.","Decision required before HTML edit: use approved brand/social image or page-family image. No og:image will be applied until image strategy is approved.","Yes","Ads pages excluded from first social metadata edit because ads canonical/indexing strategy remains decision-required."
"areas\jonesboro-ar-72404.html","service-area","Restoration & Construction Services in Jonesboro, AR 72404 | Crain Bros Inc","Crain Bros Inc provides restoration, repair, construction, inspection, consulting, plumbing, waterproofing, and remodeling services in Jonesboro, AR 72404 and nearby Northeast Arkansas communities.","article","https","services.crainbrosinc.com","/areas/jonesboro-ar-72404.html","summary_large_image","Restoration & Construction Services in Jonesboro, AR 72404 | Crain Bros Inc","Crain Bros Inc provides restoration, repair, construction, inspection, consulting, plumbing, waterproofing, and remodeling services in Jonesboro, AR 72404 and nearby Northeast Arkansas communities.","Decision required before HTML edit: use approved brand/social image or page-family image. No og:image will be applied until image strategy is approved.","Yes","Ads pages excluded from first social metadata edit because ads canonical/indexing strategy remains decision-required."
"areas\jonesboro-ar-72405.html","service-area","Restoration & Construction Services in Jonesboro, AR 72405 | Crain Bros Inc","Crain Bros Inc provides restoration, repair, construction, inspection, consulting, plumbing, waterproofing, and remodeling services in Jonesboro, AR 72405 and nearby Northeast Arkansas communities.","article","https","services.crainbrosinc.com","/areas/jonesboro-ar-72405.html","summary_large_image","Restoration & Construction Services in Jonesboro, AR 72405 | Crain Bros Inc","Crain Bros Inc provides restoration, repair, construction, inspection, consulting, plumbing, waterproofing, and remodeling services in Jonesboro, AR 72405 and nearby Northeast Arkansas communities.","Decision required before HTML edit: use approved brand/social image or page-family image. No og:image will be applied until image strategy is approved.","Yes","Ads pages excluded from first social metadata edit because ads canonical/indexing strategy remains decision-required."
"areas\lake-city-ar-72437.html","service-area","Restoration & Construction Services in Lake City, AR 72437 | Crain Bros Inc","Crain Bros Inc provides restoration, repair, construction, inspection, consulting, plumbing, waterproofing, and remodeling services in Lake City, AR 72437 and nearby Northeast Arkansas communities.","article","https","services.crainbrosinc.com","/areas/lake-city-ar-72437.html","summary_large_image","Restoration & Construction Services in Lake City, AR 72437 | Crain Bros Inc","Crain Bros Inc provides restoration, repair, construction, inspection, consulting, plumbing, waterproofing, and remodeling services in Lake City, AR 72437 and nearby Northeast Arkansas communities.","Decision required before HTML edit: use approved brand/social image or page-family image. No og:image will be applied until image strategy is approved.","Yes","Ads pages excluded from first social metadata edit because ads canonical/indexing strategy remains decision-required."
"areas\monette-ar-72447.html","service-area","Restoration & Construction Services in Monette, AR 72447 | Crain Bros Inc","Crain Bros Inc provides restoration, repair, construction, inspection, consulting, plumbing, waterproofing, and remodeling services in Monette, AR 72447 and nearby Northeast Arkansas communities.","article","https","services.crainbrosinc.com","/areas/monette-ar-72447.html","summary_large_image","Restoration & Construction Services in Monette, AR 72447 | Crain Bros Inc","Crain Bros Inc provides restoration, repair, construction, inspection, consulting, plumbing, waterproofing, and remodeling services in Monette, AR 72447 and nearby Northeast Arkansas communities.","Decision required before HTML edit: use approved brand/social image or page-family image. No og:image will be applied until image strategy is approved.","Yes","Ads pages excluded from first social metadata edit because ads canonical/indexing strategy remains decision-required."
"areas\newport-ar-72112.html","service-area","Restoration & Construction Services in Newport, AR 72112 | Crain Bros Inc","Crain Bros Inc provides restoration, repair, construction, inspection, consulting, plumbing, waterproofing, and remodeling services in Newport, AR 72112 and nearby Northeast Arkansas communities.","article","https","services.crainbrosinc.com","/areas/newport-ar-72112.html","summary_large_image","Restoration & Construction Services in Newport, AR 72112 | Crain Bros Inc","Crain Bros Inc provides restoration, repair, construction, inspection, consulting, plumbing, waterproofing, and remodeling services in Newport, AR 72112 and nearby Northeast Arkansas communities.","Decision required before HTML edit: use approved brand/social image or page-family image. No og:image will be applied until image strategy is approved.","Yes","Ads pages excluded from first social metadata edit because ads canonical/indexing strategy remains decision-required."
"areas\paragould-ar-72450.html","service-area","Restoration & Construction Services in Paragould, AR 72450 | Crain Bros Inc","Crain Bros Inc provides restoration, repair, construction, inspection, consulting, plumbing, waterproofing, and remodeling services in Paragould, AR 72450 and nearby Northeast Arkansas communities.","article","https","services.crainbrosinc.com","/areas/paragould-ar-72450.html","summary_large_image","Restoration & Construction Services in Paragould, AR 72450 | Crain Bros Inc","Crain Bros Inc provides restoration, repair, construction, inspection, consulting, plumbing, waterproofing, and remodeling services in Paragould, AR 72450 and nearby Northeast Arkansas communities.","Decision required before HTML edit: use approved brand/social image or page-family image. No og:image will be applied until image strategy is approved.","Yes","Ads pages excluded from first social metadata edit because ads canonical/indexing strategy remains decision-required."
"areas\paragould-ar-72451.html","service-area","Restoration & Construction Services in Paragould, AR 72451 | Crain Bros Inc","Crain Bros Inc provides restoration, repair, construction, inspection, consulting, plumbing, waterproofing, and remodeling services in Paragould, AR 72451 and nearby Northeast Arkansas communities.","article","https","services.crainbrosinc.com","/areas/paragould-ar-72451.html","summary_large_image","Restoration & Construction Services in Paragould, AR 72451 | Crain Bros Inc","Crain Bros Inc provides restoration, repair, construction, inspection, consulting, plumbing, waterproofing, and remodeling services in Paragould, AR 72451 and nearby Northeast Arkansas communities.","Decision required before HTML edit: use approved brand/social image or page-family image. No og:image will be applied until image strategy is approved.","Yes","Ads pages excluded from first social metadata edit because ads canonical/indexing strategy remains decision-required."
"areas\trumann-ar-72472.html","service-area","Restoration & Construction Services in Trumann, AR 72472 | Crain Bros Inc","Crain Bros Inc provides restoration, repair, construction, inspection, consulting, plumbing, waterproofing, and remodeling services in Trumann, AR 72472 and nearby Northeast Arkansas communities.","article","https","services.crainbrosinc.com","/areas/trumann-ar-72472.html","summary_large_image","Restoration & Construction Services in Trumann, AR 72472 | Crain Bros Inc","Crain Bros Inc provides restoration, repair, construction, inspection, consulting, plumbing, waterproofing, and remodeling services in Trumann, AR 72472 and nearby Northeast Arkansas communities.","Decision required before HTML edit: use approved brand/social image or page-family image. No og:image will be applied until image strategy is approved.","Yes","Ads pages excluded from first social metadata edit because ads canonical/indexing strategy remains decision-required."
"areas\williams-baptist-college-ar-72476.html","service-area","Restoration & Construction Services in Williams Baptist College, AR 72476 | Crain Bros Inc","Crain Bros Inc provides restoration, repair, construction, inspection, consulting, plumbing, waterproofing, and remodeling services in Williams Baptist College, AR 72476 and nearby Northeast Arkansas communities.","article","https","services.crainbrosinc.com","/areas/williams-baptist-college-ar-72476.html","summary_large_image","Restoration & Construction Services in Williams Baptist College, AR 72476 | Crain Bros Inc","Crain Bros Inc provides restoration, repair, construction, inspection, consulting, plumbing, waterproofing, and remodeling services in Williams Baptist College, AR 72476 and nearby Northeast Arkansas communities.","Decision required before HTML edit: use approved brand/social image or page-family image. No og:image will be applied until image strategy is approved.","Yes","Ads pages excluded from first social metadata edit because ads canonical/indexing strategy remains decision-required."
