"File","PageFamily","Title","Description","H1","Canonical","OpenGraphTagCount","TwitterTagCount","JsonLdScriptCount","ImageCount","MissingImageAltCount","InternalLinkCount","FaqMentionCount"
"index.html","homepage-market-wide","Crain Bros Inc | Restoration - Repairs - Construction | Jonesboro, AR","Crain Bros Inc is a property damage restoration and construction company based in Jonesboro, Arkansas.","Crain Bros Inc","","0","0","0","9","0","48","0"
"pages\building-consultant.html","service-category","Building Consultant in Jonesboro, AR | Crain Bros Inc","Building Consultant services from Crain Bros Inc in Jonesboro, AR. Serving Northeast Arkansas.","Building Consultant in Jonesboro, AR","","0","0","0","0","0","46","0"
"pages\building-inspector.html","service-category","Building Inspection Services in Jonesboro, AR | Crain Bros Inc","Building Inspection Services services from Crain Bros Inc in Jonesboro, AR. Serving Northeast Arkansas.","Building Inspection Services in Jonesboro, AR","","0","0","0","0","0","46","0"
"pages\building-restoration.html","service-category","Building Restoration in Jonesboro, AR | Crain Bros Inc","Building Restoration services from Crain Bros Inc in Jonesboro, AR. Serving Northeast Arkansas.","Building Restoration in Jonesboro, AR","","0","0","0","0","0","46","0"
"pages\construction.html","service-category","Construction in Jonesboro, AR | Crain Bros Inc","Construction services from Crain Bros Inc in Jonesboro, AR. Serving Northeast Arkansas.","Construction in Jonesboro, AR","","0","0","0","0","0","46","0"
"pages\fire-damage.html","service-category","Fire Damage Restoration in Jonesboro, AR | Crain Bros Inc","Fire Damage Restoration services from Crain Bros Inc in Jonesboro, AR. Serving Northeast Arkansas.","Fire Damage Restoration in Jonesboro, AR","","0","0","0","0","0","46","0"
"pages\plumbing.html","service-category","Plumbing in Jonesboro, AR | Crain Bros Inc","Plumbing services from Crain Bros Inc in Jonesboro, AR. Serving Northeast Arkansas.","Plumbing in Jonesboro, AR","","0","0","0","0","0","46","0"
"pages\remodeling.html","service-category","Remodeling in Jonesboro, AR | Crain Bros Inc","Remodeling services from Crain Bros Inc in Jonesboro, AR. Serving Northeast Arkansas.","Remodeling in Jonesboro, AR","","0","0","0","0","0","46","0"
"pages\water-damage.html","service-category","Water Damage Restoration in Jonesboro, AR | Crain Bros Inc","Water Damage Restoration services from Crain Bros Inc in Jonesboro, AR. Serving Northeast Arkansas.","Water Damage Restoration in Jonesboro, AR","","0","0","0","0","0","46","0"
"pages\waterproofing.html","service-category","Waterproofing in Jonesboro, AR | Crain Bros Inc","Waterproofing services from Crain Bros Inc in Jonesboro, AR. Serving Northeast Arkansas.","Waterproofing in Jonesboro, AR","","0","0","0","0","0","46","0"
"areas\bay-ar-72411.html","service-area","Crain Bros Inc in Bay, AR 72411","Crain Bros Inc serves Bay, AR 72411 and surrounding Northeast Arkansas.","Crain Bros Inc in Bay, AR 72411","","0","0","0","0","0","47","0"
"areas\blytheville-ar-72316.html","service-area","Crain Bros Inc in Blytheville, AR 72316","Crain Bros Inc serves Blytheville, AR 72316 and surrounding Northeast Arkansas.","Crain Bros Inc in Blytheville, AR 72316","","0","0","0","0","0","47","0"
"areas\bono-ar-72416.html","service-area","Crain Bros Inc in Bono, AR 72416","Crain Bros Inc serves Bono, AR 72416 and surrounding Northeast Arkansas.","Crain Bros Inc in Bono, AR 72416","","0","0","0","0","0","47","0"
"areas\brookland-ar-72417.html","service-area","Crain Bros Inc in Brookland, AR 72417","Crain Bros Inc serves Brookland, AR 72417 and surrounding Northeast Arkansas.","Crain Bros Inc in Brookland, AR 72417","","0","0","0","0","0","47","0"
"areas\caraway-ar-72419.html","service-area","Crain Bros Inc in Caraway, AR 72419","Crain Bros Inc serves Caraway, AR 72419 and surrounding Northeast Arkansas.","Crain Bros Inc in Caraway, AR 72419","","0","0","0","0","0","47","0"
"areas\gosnell-ar-72315.html","service-area","Crain Bros Inc in Gosnell, AR 72315","Crain Bros Inc serves Gosnell, AR 72315 and surrounding Northeast Arkansas.","Crain Bros Inc in Gosnell, AR 72315","","0","0","0","0","0","47","0"
"areas\gosnell-ar-72319.html","service-area","Crain Bros Inc in Gosnell, AR 72319","Crain Bros Inc serves Gosnell, AR 72319 and surrounding Northeast Arkansas.","Crain Bros Inc in Gosnell, AR 72319","","0","0","0","0","0","47","0"
"areas\harrisburg-ar-72432.html","service-area","Crain Bros Inc in Harrisburg, AR 72432","Crain Bros Inc serves Harrisburg, AR 72432 and surrounding Northeast Arkansas.","Crain Bros Inc in Harrisburg, AR 72432","","0","0","0","0","0","47","0"
"areas\jonesboro-ar-72401.html","service-area","Crain Bros Inc in Jonesboro, AR 72401","Crain Bros Inc serves Jonesboro, AR 72401 and surrounding Northeast Arkansas.","Crain Bros Inc in Jonesboro, AR 72401","","0","0","0","0","0","47","0"
"areas\jonesboro-ar-72402.html","service-area","Crain Bros Inc in Jonesboro, AR 72402","Crain Bros Inc serves Jonesboro, AR 72402 and surrounding Northeast Arkansas.","Crain Bros Inc in Jonesboro, AR 72402","","0","0","0","0","0","47","0"
"areas\jonesboro-ar-72403.html","service-area","Crain Bros Inc in Jonesboro, AR 72403","Crain Bros Inc serves Jonesboro, AR 72403 and surrounding Northeast Arkansas.","Crain Bros Inc in Jonesboro, AR 72403","","0","0","0","0","0","47","0"
"areas\jonesboro-ar-72404.html","service-area","Crain Bros Inc in Jonesboro, AR 72404","Crain Bros Inc serves Jonesboro, AR 72404 and surrounding Northeast Arkansas.","Crain Bros Inc in Jonesboro, AR 72404","","0","0","0","0","0","47","0"
"areas\jonesboro-ar-72405.html","service-area","Crain Bros Inc in Jonesboro, AR 72405","Crain Bros Inc serves Jonesboro, AR 72405 and surrounding Northeast Arkansas.","Crain Bros Inc in Jonesboro, AR 72405","","0","0","0","0","0","47","0"
"areas\lake-city-ar-72437.html","service-area","Crain Bros Inc in Lake City, AR 72437","Crain Bros Inc serves Lake City, AR 72437 and surrounding Northeast Arkansas.","Crain Bros Inc in Lake City, AR 72437","","0","0","0","0","0","47","0"
"areas\monette-ar-72447.html","service-area","Crain Bros Inc in Monette, AR 72447","Crain Bros Inc serves Monette, AR 72447 and surrounding Northeast Arkansas.","Crain Bros Inc in Monette, AR 72447","","0","0","0","0","0","47","0"
"areas\newport-ar-72112.html","service-area","Crain Bros Inc in Newport, AR 72112","Crain Bros Inc serves Newport, AR 72112 and surrounding Northeast Arkansas.","Crain Bros Inc in Newport, AR 72112","","0","0","0","0","0","47","0"
"areas\paragould-ar-72450.html","service-area","Crain Bros Inc in Paragould, AR 72450","Crain Bros Inc serves Paragould, AR 72450 and surrounding Northeast Arkansas.","Crain Bros Inc in Paragould, AR 72450","","0","0","0","0","0","47","0"
"areas\paragould-ar-72451.html","service-area","Crain Bros Inc in Paragould, AR 72451","Crain Bros Inc serves Paragould, AR 72451 and surrounding Northeast Arkansas.","Crain Bros Inc in Paragould, AR 72451","","0","0","0","0","0","47","0"
"areas\trumann-ar-72472.html","service-area","Crain Bros Inc in Trumann, AR 72472","Crain Bros Inc serves Trumann, AR 72472 and surrounding Northeast Arkansas.","Crain Bros Inc in Trumann, AR 72472","","0","0","0","0","0","47","0"
"areas\williams-baptist-college-ar-72476.html","service-area","Crain Bros Inc in Williams Baptist College, AR 72476","Crain Bros Inc serves Williams Baptist College, AR 72476 and surrounding Northeast Arkansas.","Crain Bros Inc in Williams Baptist College, AR 72476","","0","0","0","0","0","47","0"
"ads\bay-ar-72411-building-consultant-ad.html","ads-zip-landing","Building Consultant in Bay, AR | Crain Bros Inc","Building Consultant from Crain Bros Inc serving Bay, AR 72411.","Building Consultant in Bay, AR","","0","0","0","0","0","39","0"
"ads\bay-ar-72411-building-inspector-ad.html","ads-zip-landing","Building Inspection Services in Bay, AR | Crain Bros Inc","Building Inspection Services from Crain Bros Inc serving Bay, AR 72411.","Building Inspection Services in Bay, AR","","0","0","0","0","0","39","0"
"ads\bay-ar-72411-building-restoration-ad.html","ads-zip-landing","Building Restoration in Bay, AR | Crain Bros Inc","Building Restoration from Crain Bros Inc serving Bay, AR 72411.","Building Restoration in Bay, AR","","0","0","0","0","0","39","0"
"ads\bay-ar-72411-construction-ad.html","ads-zip-landing","Construction in Bay, AR | Crain Bros Inc","Construction from Crain Bros Inc serving Bay, AR 72411.","Construction in Bay, AR","","0","0","0","0","0","39","0"
"ads\bay-ar-72411-fire-damage-ad.html","ads-zip-landing","Fire Damage Restoration in Bay, AR | Crain Bros Inc","Fire Damage Restoration from Crain Bros Inc serving Bay, AR 72411.","Fire Damage Restoration in Bay, AR","","0","0","0","0","0","39","0"
"ads\bay-ar-72411-plumbing-ad.html","ads-zip-landing","Plumbing in Bay, AR | Crain Bros Inc","Plumbing from Crain Bros Inc serving Bay, AR 72411.","Plumbing in Bay, AR","","0","0","0","0","0","39","0"
"ads\bay-ar-72411-remodeling-ad.html","ads-zip-landing","Remodeling in Bay, AR | Crain Bros Inc","Remodeling from Crain Bros Inc serving Bay, AR 72411.","Remodeling in Bay, AR","","0","0","0","0","0","39","0"
"ads\bay-ar-72411-water-damage-ad.html","ads-zip-landing","Water Damage Restoration in Bay, AR | Crain Bros Inc","Water Damage Restoration from Crain Bros Inc serving Bay, AR 72411.","Water Damage Restoration in Bay, AR","","0","0","0","0","0","39","0"
"ads\bay-ar-72411-waterproofing-ad.html","ads-zip-landing","Waterproofing in Bay, AR | Crain Bros Inc","Waterproofing from Crain Bros Inc serving Bay, AR 72411.","Waterproofing in Bay, AR","","0","0","0","0","0","39","0"
"ads\blytheville-ar-72316-building-consultant-ad.html","ads-zip-landing","Building Consultant in Blytheville, AR | Crain Bros Inc","Building Consultant from Crain Bros Inc serving Blytheville, AR 72316.","Building Consultant in Blytheville, AR","","0","0","0","0","0","39","0"
"ads\blytheville-ar-72316-building-inspector-ad.html","ads-zip-landing","Building Inspection Services in Blytheville, AR | Crain Bros Inc","Building Inspection Services from Crain Bros Inc serving Blytheville, AR 72316.","Building Inspection Services in Blytheville, AR","","0","0","0","0","0","39","0"
"ads\blytheville-ar-72316-building-restoration-ad.html","ads-zip-landing","Building Restoration in Blytheville, AR | Crain Bros Inc","Building Restoration from Crain Bros Inc serving Blytheville, AR 72316.","Building Restoration in Blytheville, AR","","0","0","0","0","0","39","0"
"ads\blytheville-ar-72316-construction-ad.html","ads-zip-landing","Construction in Blytheville, AR | Crain Bros Inc","Construction from Crain Bros Inc serving Blytheville, AR 72316.","Construction in Blytheville, AR","","0","0","0","0","0","39","0"
"ads\blytheville-ar-72316-fire-damage-ad.html","ads-zip-landing","Fire Damage Restoration in Blytheville, AR | Crain Bros Inc","Fire Damage Restoration from Crain Bros Inc serving Blytheville, AR 72316.","Fire Damage Restoration in Blytheville, AR","","0","0","0","0","0","39","0"
"ads\blytheville-ar-72316-plumbing-ad.html","ads-zip-landing","Plumbing in Blytheville, AR | Crain Bros Inc","Plumbing from Crain Bros Inc serving Blytheville, AR 72316.","Plumbing in Blytheville, AR","","0","0","0","0","0","39","0"
"ads\blytheville-ar-72316-remodeling-ad.html","ads-zip-landing","Remodeling in Blytheville, AR | Crain Bros Inc","Remodeling from Crain Bros Inc serving Blytheville, AR 72316.","Remodeling in Blytheville, AR","","0","0","0","0","0","39","0"
"ads\blytheville-ar-72316-water-damage-ad.html","ads-zip-landing","Water Damage Restoration in Blytheville, AR | Crain Bros Inc","Water Damage Restoration from Crain Bros Inc serving Blytheville, AR 72316.","Water Damage Restoration in Blytheville, AR","","0","0","0","0","0","39","0"
"ads\blytheville-ar-72316-waterproofing-ad.html","ads-zip-landing","Waterproofing in Blytheville, AR | Crain Bros Inc","Waterproofing from Crain Bros Inc serving Blytheville, AR 72316.","Waterproofing in Blytheville, AR","","0","0","0","0","0","39","0"
"ads\bono-ar-72416-building-consultant-ad.html","ads-zip-landing","Building Consultant in Bono, AR | Crain Bros Inc","Building Consultant from Crain Bros Inc serving Bono, AR 72416.","Building Consultant in Bono, AR","","0","0","0","0","0","39","0"
"ads\bono-ar-72416-building-inspector-ad.html","ads-zip-landing","Building Inspection Services in Bono, AR | Crain Bros Inc","Building Inspection Services from Crain Bros Inc serving Bono, AR 72416.","Building Inspection Services in Bono, AR","","0","0","0","0","0","39","0"
"ads\bono-ar-72416-building-restoration-ad.html","ads-zip-landing","Building Restoration in Bono, AR | Crain Bros Inc","Building Restoration from Crain Bros Inc serving Bono, AR 72416.","Building Restoration in Bono, AR","","0","0","0","0","0","39","0"
"ads\bono-ar-72416-construction-ad.html","ads-zip-landing","Construction in Bono, AR | Crain Bros Inc","Construction from Crain Bros Inc serving Bono, AR 72416.","Construction in Bono, AR","","0","0","0","0","0","39","0"
"ads\bono-ar-72416-fire-damage-ad.html","ads-zip-landing","Fire Damage Restoration in Bono, AR | Crain Bros Inc","Fire Damage Restoration from Crain Bros Inc serving Bono, AR 72416.","Fire Damage Restoration in Bono, AR","","0","0","0","0","0","39","0"
"ads\bono-ar-72416-plumbing-ad.html","ads-zip-landing","Plumbing in Bono, AR | Crain Bros Inc","Plumbing from Crain Bros Inc serving Bono, AR 72416.","Plumbing in Bono, AR","","0","0","0","0","0","39","0"
"ads\bono-ar-72416-remodeling-ad.html","ads-zip-landing","Remodeling in Bono, AR | Crain Bros Inc","Remodeling from Crain Bros Inc serving Bono, AR 72416.","Remodeling in Bono, AR","","0","0","0","0","0","39","0"
"ads\bono-ar-72416-water-damage-ad.html","ads-zip-landing","Water Damage Restoration in Bono, AR | Crain Bros Inc","Water Damage Restoration from Crain Bros Inc serving Bono, AR 72416.","Water Damage Restoration in Bono, AR","","0","0","0","0","0","39","0"
"ads\bono-ar-72416-waterproofing-ad.html","ads-zip-landing","Waterproofing in Bono, AR | Crain Bros Inc","Waterproofing from Crain Bros Inc serving Bono, AR 72416.","Waterproofing in Bono, AR","","0","0","0","0","0","39","0"
"ads\brookland-ar-72417-building-consultant-ad.html","ads-zip-landing","Building Consultant in Brookland, AR | Crain Bros Inc","Building Consultant from Crain Bros Inc serving Brookland, AR 72417.","Building Consultant in Brookland, AR","","0","0","0","0","0","39","0"
"ads\brookland-ar-72417-building-inspector-ad.html","ads-zip-landing","Building Inspection Services in Brookland, AR | Crain Bros Inc","Building Inspection Services from Crain Bros Inc serving Brookland, AR 72417.","Building Inspection Services in Brookland, AR","","0","0","0","0","0","39","0"
"ads\brookland-ar-72417-building-restoration-ad.html","ads-zip-landing","Building Restoration in Brookland, AR | Crain Bros Inc","Building Restoration from Crain Bros Inc serving Brookland, AR 72417.","Building Restoration in Brookland, AR","","0","0","0","0","0","39","0"
"ads\brookland-ar-72417-construction-ad.html","ads-zip-landing","Construction in Brookland, AR | Crain Bros Inc","Construction from Crain Bros Inc serving Brookland, AR 72417.","Construction in Brookland, AR","","0","0","0","0","0","39","0"
"ads\brookland-ar-72417-fire-damage-ad.html","ads-zip-landing","Fire Damage Restoration in Brookland, AR | Crain Bros Inc","Fire Damage Restoration from Crain Bros Inc serving Brookland, AR 72417.","Fire Damage Restoration in Brookland, AR","","0","0","0","0","0","39","0"
"ads\brookland-ar-72417-plumbing-ad.html","ads-zip-landing","Plumbing in Brookland, AR | Crain Bros Inc","Plumbing from Crain Bros Inc serving Brookland, AR 72417.","Plumbing in Brookland, AR","","0","0","0","0","0","39","0"
"ads\brookland-ar-72417-remodeling-ad.html","ads-zip-landing","Remodeling in Brookland, AR | Crain Bros Inc","Remodeling from Crain Bros Inc serving Brookland, AR 72417.","Remodeling in Brookland, AR","","0","0","0","0","0","39","0"
"ads\brookland-ar-72417-water-damage-ad.html","ads-zip-landing","Water Damage Restoration in Brookland, AR | Crain Bros Inc","Water Damage Restoration from Crain Bros Inc serving Brookland, AR 72417.","Water Damage Restoration in Brookland, AR","","0","0","0","0","0","39","0"
"ads\brookland-ar-72417-waterproofing-ad.html","ads-zip-landing","Waterproofing in Brookland, AR | Crain Bros Inc","Waterproofing from Crain Bros Inc serving Brookland, AR 72417.","Waterproofing in Brookland, AR","","0","0","0","0","0","39","0"
"ads\caraway-ar-72419-building-consultant-ad.html","ads-zip-landing","Building Consultant in Caraway, AR | Crain Bros Inc","Building Consultant from Crain Bros Inc serving Caraway, AR 72419.","Building Consultant in Caraway, AR","","0","0","0","0","0","39","0"
"ads\caraway-ar-72419-building-inspector-ad.html","ads-zip-landing","Building Inspection Services in Caraway, AR | Crain Bros Inc","Building Inspection Services from Crain Bros Inc serving Caraway, AR 72419.","Building Inspection Services in Caraway, AR","","0","0","0","0","0","39","0"
"ads\caraway-ar-72419-building-restoration-ad.html","ads-zip-landing","Building Restoration in Caraway, AR | Crain Bros Inc","Building Restoration from Crain Bros Inc serving Caraway, AR 72419.","Building Restoration in Caraway, AR","","0","0","0","0","0","39","0"
"ads\caraway-ar-72419-construction-ad.html","ads-zip-landing","Construction in Caraway, AR | Crain Bros Inc","Construction from Crain Bros Inc serving Caraway, AR 72419.","Construction in Caraway, AR","","0","0","0","0","0","39","0"
"ads\caraway-ar-72419-fire-damage-ad.html","ads-zip-landing","Fire Damage Restoration in Caraway, AR | Crain Bros Inc","Fire Damage Restoration from Crain Bros Inc serving Caraway, AR 72419.","Fire Damage Restoration in Caraway, AR","","0","0","0","0","0","39","0"
"ads\caraway-ar-72419-plumbing-ad.html","ads-zip-landing","Plumbing in Caraway, AR | Crain Bros Inc","Plumbing from Crain Bros Inc serving Caraway, AR 72419.","Plumbing in Caraway, AR","","0","0","0","0","0","39","0"
"ads\caraway-ar-72419-remodeling-ad.html","ads-zip-landing","Remodeling in Caraway, AR | Crain Bros Inc","Remodeling from Crain Bros Inc serving Caraway, AR 72419.","Remodeling in Caraway, AR","","0","0","0","0","0","39","0"
"ads\caraway-ar-72419-water-damage-ad.html","ads-zip-landing","Water Damage Restoration in Caraway, AR | Crain Bros Inc","Water Damage Restoration from Crain Bros Inc serving Caraway, AR 72419.","Water Damage Restoration in Caraway, AR","","0","0","0","0","0","39","0"
"ads\caraway-ar-72419-waterproofing-ad.html","ads-zip-landing","Waterproofing in Caraway, AR | Crain Bros Inc","Waterproofing from Crain Bros Inc serving Caraway, AR 72419.","Waterproofing in Caraway, AR","","0","0","0","0","0","39","0"
"ads\gosnell-ar-72315-building-consultant-ad.html","ads-zip-landing","Building Consultant in Gosnell, AR | Crain Bros Inc","Building Consultant from Crain Bros Inc serving Gosnell, AR 72315.","Building Consultant in Gosnell, AR","","0","0","0","0","0","39","0"
"ads\gosnell-ar-72315-building-inspector-ad.html","ads-zip-landing","Building Inspection Services in Gosnell, AR | Crain Bros Inc","Building Inspection Services from Crain Bros Inc serving Gosnell, AR 72315.","Building Inspection Services in Gosnell, AR","","0","0","0","0","0","39","0"
"ads\gosnell-ar-72315-building-restoration-ad.html","ads-zip-landing","Building Restoration in Gosnell, AR | Crain Bros Inc","Building Restoration from Crain Bros Inc serving Gosnell, AR 72315.","Building Restoration in Gosnell, AR","","0","0","0","0","0","39","0"
"ads\gosnell-ar-72315-construction-ad.html","ads-zip-landing","Construction in Gosnell, AR | Crain Bros Inc","Construction from Crain Bros Inc serving Gosnell, AR 72315.","Construction in Gosnell, AR","","0","0","0","0","0","39","0"
"ads\gosnell-ar-72315-fire-damage-ad.html","ads-zip-landing","Fire Damage Restoration in Gosnell, AR | Crain Bros Inc","Fire Damage Restoration from Crain Bros Inc serving Gosnell, AR 72315.","Fire Damage Restoration in Gosnell, AR","","0","0","0","0","0","39","0"
"ads\gosnell-ar-72315-plumbing-ad.html","ads-zip-landing","Plumbing in Gosnell, AR | Crain Bros Inc","Plumbing from Crain Bros Inc serving Gosnell, AR 72315.","Plumbing in Gosnell, AR","","0","0","0","0","0","39","0"
"ads\gosnell-ar-72315-remodeling-ad.html","ads-zip-landing","Remodeling in Gosnell, AR | Crain Bros Inc","Remodeling from Crain Bros Inc serving Gosnell, AR 72315.","Remodeling in Gosnell, AR","","0","0","0","0","0","39","0"
"ads\gosnell-ar-72315-water-damage-ad.html","ads-zip-landing","Water Damage Restoration in Gosnell, AR | Crain Bros Inc","Water Damage Restoration from Crain Bros Inc serving Gosnell, AR 72315.","Water Damage Restoration in Gosnell, AR","","0","0","0","0","0","39","0"
"ads\gosnell-ar-72315-waterproofing-ad.html","ads-zip-landing","Waterproofing in Gosnell, AR | Crain Bros Inc","Waterproofing from Crain Bros Inc serving Gosnell, AR 72315.","Waterproofing in Gosnell, AR","","0","0","0","0","0","39","0"
"ads\gosnell-ar-72319-building-consultant-ad.html","ads-zip-landing","Building Consultant in Gosnell, AR | Crain Bros Inc","Building Consultant from Crain Bros Inc serving Gosnell, AR 72319.","Building Consultant in Gosnell, AR","","0","0","0","0","0","39","0"
"ads\gosnell-ar-72319-building-inspector-ad.html","ads-zip-landing","Building Inspection Services in Gosnell, AR | Crain Bros Inc","Building Inspection Services from Crain Bros Inc serving Gosnell, AR 72319.","Building Inspection Services in Gosnell, AR","","0","0","0","0","0","39","0"
"ads\gosnell-ar-72319-building-restoration-ad.html","ads-zip-landing","Building Restoration in Gosnell, AR | Crain Bros Inc","Building Restoration from Crain Bros Inc serving Gosnell, AR 72319.","Building Restoration in Gosnell, AR","","0","0","0","0","0","39","0"
"ads\gosnell-ar-72319-construction-ad.html","ads-zip-landing","Construction in Gosnell, AR | Crain Bros Inc","Construction from Crain Bros Inc serving Gosnell, AR 72319.","Construction in Gosnell, AR","","0","0","0","0","0","39","0"
"ads\gosnell-ar-72319-fire-damage-ad.html","ads-zip-landing","Fire Damage Restoration in Gosnell, AR | Crain Bros Inc","Fire Damage Restoration from Crain Bros Inc serving Gosnell, AR 72319.","Fire Damage Restoration in Gosnell, AR","","0","0","0","0","0","39","0"
"ads\gosnell-ar-72319-plumbing-ad.html","ads-zip-landing","Plumbing in Gosnell, AR | Crain Bros Inc","Plumbing from Crain Bros Inc serving Gosnell, AR 72319.","Plumbing in Gosnell, AR","","0","0","0","0","0","39","0"
"ads\gosnell-ar-72319-remodeling-ad.html","ads-zip-landing","Remodeling in Gosnell, AR | Crain Bros Inc","Remodeling from Crain Bros Inc serving Gosnell, AR 72319.","Remodeling in Gosnell, AR","","0","0","0","0","0","39","0"
"ads\gosnell-ar-72319-water-damage-ad.html","ads-zip-landing","Water Damage Restoration in Gosnell, AR | Crain Bros Inc","Water Damage Restoration from Crain Bros Inc serving Gosnell, AR 72319.","Water Damage Restoration in Gosnell, AR","","0","0","0","0","0","39","0"
"ads\gosnell-ar-72319-waterproofing-ad.html","ads-zip-landing","Waterproofing in Gosnell, AR | Crain Bros Inc","Waterproofing from Crain Bros Inc serving Gosnell, AR 72319.","Waterproofing in Gosnell, AR","","0","0","0","0","0","39","0"
"ads\harrisburg-ar-72432-building-consultant-ad.html","ads-zip-landing","Building Consultant in Harrisburg, AR | Crain Bros Inc","Building Consultant from Crain Bros Inc serving Harrisburg, AR 72432.","Building Consultant in Harrisburg, AR","","0","0","0","0","0","39","0"
"ads\harrisburg-ar-72432-building-inspector-ad.html","ads-zip-landing","Building Inspection Services in Harrisburg, AR | Crain Bros Inc","Building Inspection Services from Crain Bros Inc serving Harrisburg, AR 72432.","Building Inspection Services in Harrisburg, AR","","0","0","0","0","0","39","0"
"ads\harrisburg-ar-72432-building-restoration-ad.html","ads-zip-landing","Building Restoration in Harrisburg, AR | Crain Bros Inc","Building Restoration from Crain Bros Inc serving Harrisburg, AR 72432.","Building Restoration in Harrisburg, AR","","0","0","0","0","0","39","0"
"ads\harrisburg-ar-72432-construction-ad.html","ads-zip-landing","Construction in Harrisburg, AR | Crain Bros Inc","Construction from Crain Bros Inc serving Harrisburg, AR 72432.","Construction in Harrisburg, AR","","0","0","0","0","0","39","0"
"ads\harrisburg-ar-72432-fire-damage-ad.html","ads-zip-landing","Fire Damage Restoration in Harrisburg, AR | Crain Bros Inc","Fire Damage Restoration from Crain Bros Inc serving Harrisburg, AR 72432.","Fire Damage Restoration in Harrisburg, AR","","0","0","0","0","0","39","0"
"ads\harrisburg-ar-72432-plumbing-ad.html","ads-zip-landing","Plumbing in Harrisburg, AR | Crain Bros Inc","Plumbing from Crain Bros Inc serving Harrisburg, AR 72432.","Plumbing in Harrisburg, AR","","0","0","0","0","0","39","0"
"ads\harrisburg-ar-72432-remodeling-ad.html","ads-zip-landing","Remodeling in Harrisburg, AR | Crain Bros Inc","Remodeling from Crain Bros Inc serving Harrisburg, AR 72432.","Remodeling in Harrisburg, AR","","0","0","0","0","0","39","0"
"ads\harrisburg-ar-72432-water-damage-ad.html","ads-zip-landing","Water Damage Restoration in Harrisburg, AR | Crain Bros Inc","Water Damage Restoration from Crain Bros Inc serving Harrisburg, AR 72432.","Water Damage Restoration in Harrisburg, AR","","0","0","0","0","0","39","0"
"ads\harrisburg-ar-72432-waterproofing-ad.html","ads-zip-landing","Waterproofing in Harrisburg, AR | Crain Bros Inc","Waterproofing from Crain Bros Inc serving Harrisburg, AR 72432.","Waterproofing in Harrisburg, AR","","0","0","0","0","0","39","0"
"ads\jonesboro-ar-72401-building-consultant-ad.html","ads-zip-landing","Building Consultant in Jonesboro, AR | Crain Bros Inc","Building Consultant from Crain Bros Inc serving Jonesboro, AR 72401.","Building Consultant in Jonesboro, AR","","0","0","0","0","0","39","0"
"ads\jonesboro-ar-72401-building-inspector-ad.html","ads-zip-landing","Building Inspection Services in Jonesboro, AR | Crain Bros Inc","Building Inspection Services from Crain Bros Inc serving Jonesboro, AR 72401.","Building Inspection Services in Jonesboro, AR","","0","0","0","0","0","39","0"
"ads\jonesboro-ar-72401-building-restoration-ad.html","ads-zip-landing","Building Restoration in Jonesboro, AR | Crain Bros Inc","Building Restoration from Crain Bros Inc serving Jonesboro, AR 72401.","Building Restoration in Jonesboro, AR","","0","0","0","0","0","39","0"
"ads\jonesboro-ar-72401-construction-ad.html","ads-zip-landing","Construction in Jonesboro, AR | Crain Bros Inc","Construction from Crain Bros Inc serving Jonesboro, AR 72401.","Construction in Jonesboro, AR","","0","0","0","0","0","39","0"
"ads\jonesboro-ar-72401-fire-damage-ad.html","ads-zip-landing","Fire Damage Restoration in Jonesboro, AR | Crain Bros Inc","Fire Damage Restoration from Crain Bros Inc serving Jonesboro, AR 72401.","Fire Damage Restoration in Jonesboro, AR","","0","0","0","0","0","39","0"
"ads\jonesboro-ar-72401-plumbing-ad.html","ads-zip-landing","Plumbing in Jonesboro, AR | Crain Bros Inc","Plumbing from Crain Bros Inc serving Jonesboro, AR 72401.","Plumbing in Jonesboro, AR","","0","0","0","0","0","39","0"
"ads\jonesboro-ar-72401-remodeling-ad.html","ads-zip-landing","Remodeling in Jonesboro, AR | Crain Bros Inc","Remodeling from Crain Bros Inc serving Jonesboro, AR 72401.","Remodeling in Jonesboro, AR","","0","0","0","0","0","39","0"
"ads\jonesboro-ar-72401-water-damage-ad.html","ads-zip-landing","Water Damage Restoration in Jonesboro, AR | Crain Bros Inc","Water Damage Restoration from Crain Bros Inc serving Jonesboro, AR 72401.","Water Damage Restoration in Jonesboro, AR","","0","0","0","0","0","39","0"
"ads\jonesboro-ar-72401-waterproofing-ad.html","ads-zip-landing","Waterproofing in Jonesboro, AR | Crain Bros Inc","Waterproofing from Crain Bros Inc serving Jonesboro, AR 72401.","Waterproofing in Jonesboro, AR","","0","0","0","0","0","39","0"
"ads\jonesboro-ar-72402-building-consultant-ad.html","ads-zip-landing","Building Consultant in Jonesboro, AR | Crain Bros Inc","Building Consultant from Crain Bros Inc serving Jonesboro, AR 72402.","Building Consultant in Jonesboro, AR","","0","0","0","0","0","39","0"
"ads\jonesboro-ar-72402-building-inspector-ad.html","ads-zip-landing","Building Inspection Services in Jonesboro, AR | Crain Bros Inc","Building Inspection Services from Crain Bros Inc serving Jonesboro, AR 72402.","Building Inspection Services in Jonesboro, AR","","0","0","0","0","0","39","0"
"ads\jonesboro-ar-72402-building-restoration-ad.html","ads-zip-landing","Building Restoration in Jonesboro, AR | Crain Bros Inc","Building Restoration from Crain Bros Inc serving Jonesboro, AR 72402.","Building Restoration in Jonesboro, AR","","0","0","0","0","0","39","0"
"ads\jonesboro-ar-72402-construction-ad.html","ads-zip-landing","Construction in Jonesboro, AR | Crain Bros Inc","Construction from Crain Bros Inc serving Jonesboro, AR 72402.","Construction in Jonesboro, AR","","0","0","0","0","0","39","0"
"ads\jonesboro-ar-72402-fire-damage-ad.html","ads-zip-landing","Fire Damage Restoration in Jonesboro, AR | Crain Bros Inc","Fire Damage Restoration from Crain Bros Inc serving Jonesboro, AR 72402.","Fire Damage Restoration in Jonesboro, AR","","0","0","0","0","0","39","0"
"ads\jonesboro-ar-72402-plumbing-ad.html","ads-zip-landing","Plumbing in Jonesboro, AR | Crain Bros Inc","Plumbing from Crain Bros Inc serving Jonesboro, AR 72402.","Plumbing in Jonesboro, AR","","0","0","0","0","0","39","0"
"ads\jonesboro-ar-72402-remodeling-ad.html","ads-zip-landing","Remodeling in Jonesboro, AR | Crain Bros Inc","Remodeling from Crain Bros Inc serving Jonesboro, AR 72402.","Remodeling in Jonesboro, AR","","0","0","0","0","0","39","0"
"ads\jonesboro-ar-72402-water-damage-ad.html","ads-zip-landing","Water Damage Restoration in Jonesboro, AR | Crain Bros Inc","Water Damage Restoration from Crain Bros Inc serving Jonesboro, AR 72402.","Water Damage Restoration in Jonesboro, AR","","0","0","0","0","0","39","0"
"ads\jonesboro-ar-72402-waterproofing-ad.html","ads-zip-landing","Waterproofing in Jonesboro, AR | Crain Bros Inc","Waterproofing from Crain Bros Inc serving Jonesboro, AR 72402.","Waterproofing in Jonesboro, AR","","0","0","0","0","0","39","0"
"ads\jonesboro-ar-72403-building-consultant-ad.html","ads-zip-landing","Building Consultant in Jonesboro, AR | Crain Bros Inc","Building Consultant from Crain Bros Inc serving Jonesboro, AR 72403.","Building Consultant in Jonesboro, AR","","0","0","0","0","0","39","0"
"ads\jonesboro-ar-72403-building-inspector-ad.html","ads-zip-landing","Building Inspection Services in Jonesboro, AR | Crain Bros Inc","Building Inspection Services from Crain Bros Inc serving Jonesboro, AR 72403.","Building Inspection Services in Jonesboro, AR","","0","0","0","0","0","39","0"
"ads\jonesboro-ar-72403-building-restoration-ad.html","ads-zip-landing","Building Restoration in Jonesboro, AR | Crain Bros Inc","Building Restoration from Crain Bros Inc serving Jonesboro, AR 72403.","Building Restoration in Jonesboro, AR","","0","0","0","0","0","39","0"
"ads\jonesboro-ar-72403-construction-ad.html","ads-zip-landing","Construction in Jonesboro, AR | Crain Bros Inc","Construction from Crain Bros Inc serving Jonesboro, AR 72403.","Construction in Jonesboro, AR","","0","0","0","0","0","39","0"
"ads\jonesboro-ar-72403-fire-damage-ad.html","ads-zip-landing","Fire Damage Restoration in Jonesboro, AR | Crain Bros Inc","Fire Damage Restoration from Crain Bros Inc serving Jonesboro, AR 72403.","Fire Damage Restoration in Jonesboro, AR","","0","0","0","0","0","39","0"
"ads\jonesboro-ar-72403-plumbing-ad.html","ads-zip-landing","Plumbing in Jonesboro, AR | Crain Bros Inc","Plumbing from Crain Bros Inc serving Jonesboro, AR 72403.","Plumbing in Jonesboro, AR","","0","0","0","0","0","39","0"
"ads\jonesboro-ar-72403-remodeling-ad.html","ads-zip-landing","Remodeling in Jonesboro, AR | Crain Bros Inc","Remodeling from Crain Bros Inc serving Jonesboro, AR 72403.","Remodeling in Jonesboro, AR","","0","0","0","0","0","39","0"
"ads\jonesboro-ar-72403-water-damage-ad.html","ads-zip-landing","Water Damage Restoration in Jonesboro, AR | Crain Bros Inc","Water Damage Restoration from Crain Bros Inc serving Jonesboro, AR 72403.","Water Damage Restoration in Jonesboro, AR","","0","0","0","0","0","39","0"
"ads\jonesboro-ar-72403-waterproofing-ad.html","ads-zip-landing","Waterproofing in Jonesboro, AR | Crain Bros Inc","Waterproofing from Crain Bros Inc serving Jonesboro, AR 72403.","Waterproofing in Jonesboro, AR","","0","0","0","0","0","39","0"
"ads\jonesboro-ar-72404-building-consultant-ad.html","ads-zip-landing","Building Consultant in Jonesboro, AR | Crain Bros Inc","Building Consultant from Crain Bros Inc serving Jonesboro, AR 72404.","Building Consultant in Jonesboro, AR","","0","0","0","0","0","39","0"
"ads\jonesboro-ar-72404-building-inspector-ad.html","ads-zip-landing","Building Inspection Services in Jonesboro, AR | Crain Bros Inc","Building Inspection Services from Crain Bros Inc serving Jonesboro, AR 72404.","Building Inspection Services in Jonesboro, AR","","0","0","0","0","0","39","0"
"ads\jonesboro-ar-72404-building-restoration-ad.html","ads-zip-landing","Building Restoration in Jonesboro, AR | Crain Bros Inc","Building Restoration from Crain Bros Inc serving Jonesboro, AR 72404.","Building Restoration in Jonesboro, AR","","0","0","0","0","0","39","0"
"ads\jonesboro-ar-72404-construction-ad.html","ads-zip-landing","Construction in Jonesboro, AR | Crain Bros Inc","Construction from Crain Bros Inc serving Jonesboro, AR 72404.","Construction in Jonesboro, AR","","0","0","0","0","0","39","0"
"ads\jonesboro-ar-72404-fire-damage-ad.html","ads-zip-landing","Fire Damage Restoration in Jonesboro, AR | Crain Bros Inc","Fire Damage Restoration from Crain Bros Inc serving Jonesboro, AR 72404.","Fire Damage Restoration in Jonesboro, AR","","0","0","0","0","0","39","0"
"ads\jonesboro-ar-72404-plumbing-ad.html","ads-zip-landing","Plumbing in Jonesboro, AR | Crain Bros Inc","Plumbing from Crain Bros Inc serving Jonesboro, AR 72404.","Plumbing in Jonesboro, AR","","0","0","0","0","0","39","0"
"ads\jonesboro-ar-72404-remodeling-ad.html","ads-zip-landing","Remodeling in Jonesboro, AR | Crain Bros Inc","Remodeling from Crain Bros Inc serving Jonesboro, AR 72404.","Remodeling in Jonesboro, AR","","0","0","0","0","0","39","0"
"ads\jonesboro-ar-72404-water-damage-ad.html","ads-zip-landing","Water Damage Restoration in Jonesboro, AR | Crain Bros Inc","Water Damage Restoration from Crain Bros Inc serving Jonesboro, AR 72404.","Water Damage Restoration in Jonesboro, AR","","0","0","0","0","0","39","0"
"ads\jonesboro-ar-72404-waterproofing-ad.html","ads-zip-landing","Waterproofing in Jonesboro, AR | Crain Bros Inc","Waterproofing from Crain Bros Inc serving Jonesboro, AR 72404.","Waterproofing in Jonesboro, AR","","0","0","0","0","0","39","0"
"ads\jonesboro-ar-72405-building-consultant-ad.html","ads-zip-landing","Building Consultant in Jonesboro, AR | Crain Bros Inc","Building Consultant from Crain Bros Inc serving Jonesboro, AR 72405.","Building Consultant in Jonesboro, AR","","0","0","0","0","0","39","0"
"ads\jonesboro-ar-72405-building-inspector-ad.html","ads-zip-landing","Building Inspection Services in Jonesboro, AR | Crain Bros Inc","Building Inspection Services from Crain Bros Inc serving Jonesboro, AR 72405.","Building Inspection Services in Jonesboro, AR","","0","0","0","0","0","39","0"
"ads\jonesboro-ar-72405-building-restoration-ad.html","ads-zip-landing","Building Restoration in Jonesboro, AR | Crain Bros Inc","Building Restoration from Crain Bros Inc serving Jonesboro, AR 72405.","Building Restoration in Jonesboro, AR","","0","0","0","0","0","39","0"
"ads\jonesboro-ar-72405-construction-ad.html","ads-zip-landing","Construction in Jonesboro, AR | Crain Bros Inc","Construction from Crain Bros Inc serving Jonesboro, AR 72405.","Construction in Jonesboro, AR","","0","0","0","0","0","39","0"
"ads\jonesboro-ar-72405-fire-damage-ad.html","ads-zip-landing","Fire Damage Restoration in Jonesboro, AR | Crain Bros Inc","Fire Damage Restoration from Crain Bros Inc serving Jonesboro, AR 72405.","Fire Damage Restoration in Jonesboro, AR","","0","0","0","0","0","39","0"
"ads\jonesboro-ar-72405-plumbing-ad.html","ads-zip-landing","Plumbing in Jonesboro, AR | Crain Bros Inc","Plumbing from Crain Bros Inc serving Jonesboro, AR 72405.","Plumbing in Jonesboro, AR","","0","0","0","0","0","39","0"
"ads\jonesboro-ar-72405-remodeling-ad.html","ads-zip-landing","Remodeling in Jonesboro, AR | Crain Bros Inc","Remodeling from Crain Bros Inc serving Jonesboro, AR 72405.","Remodeling in Jonesboro, AR","","0","0","0","0","0","39","0"
"ads\jonesboro-ar-72405-water-damage-ad.html","ads-zip-landing","Water Damage Restoration in Jonesboro, AR | Crain Bros Inc","Water Damage Restoration from Crain Bros Inc serving Jonesboro, AR 72405.","Water Damage Restoration in Jonesboro, AR","","0","0","0","0","0","39","0"
"ads\jonesboro-ar-72405-waterproofing-ad.html","ads-zip-landing","Waterproofing in Jonesboro, AR | Crain Bros Inc","Waterproofing from Crain Bros Inc serving Jonesboro, AR 72405.","Waterproofing in Jonesboro, AR","","0","0","0","0","0","39","0"
"ads\lake-city-ar-72437-building-consultant-ad.html","ads-zip-landing","Building Consultant in Lake City, AR | Crain Bros Inc","Building Consultant from Crain Bros Inc serving Lake City, AR 72437.","Building Consultant in Lake City, AR","","0","0","0","0","0","39","0"
"ads\lake-city-ar-72437-building-inspector-ad.html","ads-zip-landing","Building Inspection Services in Lake City, AR | Crain Bros Inc","Building Inspection Services from Crain Bros Inc serving Lake City, AR 72437.","Building Inspection Services in Lake City, AR","","0","0","0","0","0","39","0"
"ads\lake-city-ar-72437-building-restoration-ad.html","ads-zip-landing","Building Restoration in Lake City, AR | Crain Bros Inc","Building Restoration from Crain Bros Inc serving Lake City, AR 72437.","Building Restoration in Lake City, AR","","0","0","0","0","0","39","0"
"ads\lake-city-ar-72437-construction-ad.html","ads-zip-landing","Construction in Lake City, AR | Crain Bros Inc","Construction from Crain Bros Inc serving Lake City, AR 72437.","Construction in Lake City, AR","","0","0","0","0","0","39","0"
"ads\lake-city-ar-72437-fire-damage-ad.html","ads-zip-landing","Fire Damage Restoration in Lake City, AR | Crain Bros Inc","Fire Damage Restoration from Crain Bros Inc serving Lake City, AR 72437.","Fire Damage Restoration in Lake City, AR","","0","0","0","0","0","39","0"
"ads\lake-city-ar-72437-plumbing-ad.html","ads-zip-landing","Plumbing in Lake City, AR | Crain Bros Inc","Plumbing from Crain Bros Inc serving Lake City, AR 72437.","Plumbing in Lake City, AR","","0","0","0","0","0","39","0"
"ads\lake-city-ar-72437-remodeling-ad.html","ads-zip-landing","Remodeling in Lake City, AR | Crain Bros Inc","Remodeling from Crain Bros Inc serving Lake City, AR 72437.","Remodeling in Lake City, AR","","0","0","0","0","0","39","0"
"ads\lake-city-ar-72437-water-damage-ad.html","ads-zip-landing","Water Damage Restoration in Lake City, AR | Crain Bros Inc","Water Damage Restoration from Crain Bros Inc serving Lake City, AR 72437.","Water Damage Restoration in Lake City, AR","","0","0","0","0","0","39","0"
"ads\lake-city-ar-72437-waterproofing-ad.html","ads-zip-landing","Waterproofing in Lake City, AR | Crain Bros Inc","Waterproofing from Crain Bros Inc serving Lake City, AR 72437.","Waterproofing in Lake City, AR","","0","0","0","0","0","39","0"
"ads\monette-ar-72447-building-consultant-ad.html","ads-zip-landing","Building Consultant in Monette, AR | Crain Bros Inc","Building Consultant from Crain Bros Inc serving Monette, AR 72447.","Building Consultant in Monette, AR","","0","0","0","0","0","39","0"
"ads\monette-ar-72447-building-inspector-ad.html","ads-zip-landing","Building Inspection Services in Monette, AR | Crain Bros Inc","Building Inspection Services from Crain Bros Inc serving Monette, AR 72447.","Building Inspection Services in Monette, AR","","0","0","0","0","0","39","0"
"ads\monette-ar-72447-building-restoration-ad.html","ads-zip-landing","Building Restoration in Monette, AR | Crain Bros Inc","Building Restoration from Crain Bros Inc serving Monette, AR 72447.","Building Restoration in Monette, AR","","0","0","0","0","0","39","0"
"ads\monette-ar-72447-construction-ad.html","ads-zip-landing","Construction in Monette, AR | Crain Bros Inc","Construction from Crain Bros Inc serving Monette, AR 72447.","Construction in Monette, AR","","0","0","0","0","0","39","0"
"ads\monette-ar-72447-fire-damage-ad.html","ads-zip-landing","Fire Damage Restoration in Monette, AR | Crain Bros Inc","Fire Damage Restoration from Crain Bros Inc serving Monette, AR 72447.","Fire Damage Restoration in Monette, AR","","0","0","0","0","0","39","0"
"ads\monette-ar-72447-plumbing-ad.html","ads-zip-landing","Plumbing in Monette, AR | Crain Bros Inc","Plumbing from Crain Bros Inc serving Monette, AR 72447.","Plumbing in Monette, AR","","0","0","0","0","0","39","0"
"ads\monette-ar-72447-remodeling-ad.html","ads-zip-landing","Remodeling in Monette, AR | Crain Bros Inc","Remodeling from Crain Bros Inc serving Monette, AR 72447.","Remodeling in Monette, AR","","0","0","0","0","0","39","0"
"ads\monette-ar-72447-water-damage-ad.html","ads-zip-landing","Water Damage Restoration in Monette, AR | Crain Bros Inc","Water Damage Restoration from Crain Bros Inc serving Monette, AR 72447.","Water Damage Restoration in Monette, AR","","0","0","0","0","0","39","0"
"ads\monette-ar-72447-waterproofing-ad.html","ads-zip-landing","Waterproofing in Monette, AR | Crain Bros Inc","Waterproofing from Crain Bros Inc serving Monette, AR 72447.","Waterproofing in Monette, AR","","0","0","0","0","0","39","0"
"ads\newport-ar-72112-building-consultant-ad.html","ads-zip-landing","Building Consultant in Newport, AR | Crain Bros Inc","Building Consultant from Crain Bros Inc serving Newport, AR 72112.","Building Consultant in Newport, AR","","0","0","0","0","0","39","0"
"ads\newport-ar-72112-building-inspector-ad.html","ads-zip-landing","Building Inspection Services in Newport, AR | Crain Bros Inc","Building Inspection Services from Crain Bros Inc serving Newport, AR 72112.","Building Inspection Services in Newport, AR","","0","0","0","0","0","39","0"
"ads\newport-ar-72112-building-restoration-ad.html","ads-zip-landing","Building Restoration in Newport, AR | Crain Bros Inc","Building Restoration from Crain Bros Inc serving Newport, AR 72112.","Building Restoration in Newport, AR","","0","0","0","0","0","39","0"
"ads\newport-ar-72112-construction-ad.html","ads-zip-landing","Construction in Newport, AR | Crain Bros Inc","Construction from Crain Bros Inc serving Newport, AR 72112.","Construction in Newport, AR","","0","0","0","0","0","39","0"
"ads\newport-ar-72112-fire-damage-ad.html","ads-zip-landing","Fire Damage Restoration in Newport, AR | Crain Bros Inc","Fire Damage Restoration from Crain Bros Inc serving Newport, AR 72112.","Fire Damage Restoration in Newport, AR","","0","0","0","0","0","39","0"
"ads\newport-ar-72112-plumbing-ad.html","ads-zip-landing","Plumbing in Newport, AR | Crain Bros Inc","Plumbing from Crain Bros Inc serving Newport, AR 72112.","Plumbing in Newport, AR","","0","0","0","0","0","39","0"
"ads\newport-ar-72112-remodeling-ad.html","ads-zip-landing","Remodeling in Newport, AR | Crain Bros Inc","Remodeling from Crain Bros Inc serving Newport, AR 72112.","Remodeling in Newport, AR","","0","0","0","0","0","39","0"
"ads\newport-ar-72112-water-damage-ad.html","ads-zip-landing","Water Damage Restoration in Newport, AR | Crain Bros Inc","Water Damage Restoration from Crain Bros Inc serving Newport, AR 72112.","Water Damage Restoration in Newport, AR","","0","0","0","0","0","39","0"
"ads\newport-ar-72112-waterproofing-ad.html","ads-zip-landing","Waterproofing in Newport, AR | Crain Bros Inc","Waterproofing from Crain Bros Inc serving Newport, AR 72112.","Waterproofing in Newport, AR","","0","0","0","0","0","39","0"
"ads\paragould-ar-72450-building-consultant-ad.html","ads-zip-landing","Building Consultant in Paragould, AR | Crain Bros Inc","Building Consultant from Crain Bros Inc serving Paragould, AR 72450.","Building Consultant in Paragould, AR","","0","0","0","0","0","39","0"
"ads\paragould-ar-72450-building-inspector-ad.html","ads-zip-landing","Building Inspection Services in Paragould, AR | Crain Bros Inc","Building Inspection Services from Crain Bros Inc serving Paragould, AR 72450.","Building Inspection Services in Paragould, AR","","0","0","0","0","0","39","0"
"ads\paragould-ar-72450-building-restoration-ad.html","ads-zip-landing","Building Restoration in Paragould, AR | Crain Bros Inc","Building Restoration from Crain Bros Inc serving Paragould, AR 72450.","Building Restoration in Paragould, AR","","0","0","0","0","0","39","0"
"ads\paragould-ar-72450-construction-ad.html","ads-zip-landing","Construction in Paragould, AR | Crain Bros Inc","Construction from Crain Bros Inc serving Paragould, AR 72450.","Construction in Paragould, AR","","0","0","0","0","0","39","0"
"ads\paragould-ar-72450-fire-damage-ad.html","ads-zip-landing","Fire Damage Restoration in Paragould, AR | Crain Bros Inc","Fire Damage Restoration from Crain Bros Inc serving Paragould, AR 72450.","Fire Damage Restoration in Paragould, AR","","0","0","0","0","0","39","0"
"ads\paragould-ar-72450-plumbing-ad.html","ads-zip-landing","Plumbing in Paragould, AR | Crain Bros Inc","Plumbing from Crain Bros Inc serving Paragould, AR 72450.","Plumbing in Paragould, AR","","0","0","0","0","0","39","0"
"ads\paragould-ar-72450-remodeling-ad.html","ads-zip-landing","Remodeling in Paragould, AR | Crain Bros Inc","Remodeling from Crain Bros Inc serving Paragould, AR 72450.","Remodeling in Paragould, AR","","0","0","0","0","0","39","0"
"ads\paragould-ar-72450-water-damage-ad.html","ads-zip-landing","Water Damage Restoration in Paragould, AR | Crain Bros Inc","Water Damage Restoration from Crain Bros Inc serving Paragould, AR 72450.","Water Damage Restoration in Paragould, AR","","0","0","0","0","0","39","0"
"ads\paragould-ar-72450-waterproofing-ad.html","ads-zip-landing","Waterproofing in Paragould, AR | Crain Bros Inc","Waterproofing from Crain Bros Inc serving Paragould, AR 72450.","Waterproofing in Paragould, AR","","0","0","0","0","0","39","0"
"ads\paragould-ar-72451-building-consultant-ad.html","ads-zip-landing","Building Consultant in Paragould, AR | Crain Bros Inc","Building Consultant from Crain Bros Inc serving Paragould, AR 72451.","Building Consultant in Paragould, AR","","0","0","0","0","0","39","0"
"ads\paragould-ar-72451-building-inspector-ad.html","ads-zip-landing","Building Inspection Services in Paragould, AR | Crain Bros Inc","Building Inspection Services from Crain Bros Inc serving Paragould, AR 72451.","Building Inspection Services in Paragould, AR","","0","0","0","0","0","39","0"
"ads\paragould-ar-72451-building-restoration-ad.html","ads-zip-landing","Building Restoration in Paragould, AR | Crain Bros Inc","Building Restoration from Crain Bros Inc serving Paragould, AR 72451.","Building Restoration in Paragould, AR","","0","0","0","0","0","39","0"
"ads\paragould-ar-72451-construction-ad.html","ads-zip-landing","Construction in Paragould, AR | Crain Bros Inc","Construction from Crain Bros Inc serving Paragould, AR 72451.","Construction in Paragould, AR","","0","0","0","0","0","39","0"
"ads\paragould-ar-72451-fire-damage-ad.html","ads-zip-landing","Fire Damage Restoration in Paragould, AR | Crain Bros Inc","Fire Damage Restoration from Crain Bros Inc serving Paragould, AR 72451.","Fire Damage Restoration in Paragould, AR","","0","0","0","0","0","39","0"
"ads\paragould-ar-72451-plumbing-ad.html","ads-zip-landing","Plumbing in Paragould, AR | Crain Bros Inc","Plumbing from Crain Bros Inc serving Paragould, AR 72451.","Plumbing in Paragould, AR","","0","0","0","0","0","39","0"
"ads\paragould-ar-72451-remodeling-ad.html","ads-zip-landing","Remodeling in Paragould, AR | Crain Bros Inc","Remodeling from Crain Bros Inc serving Paragould, AR 72451.","Remodeling in Paragould, AR","","0","0","0","0","0","39","0"
"ads\paragould-ar-72451-water-damage-ad.html","ads-zip-landing","Water Damage Restoration in Paragould, AR | Crain Bros Inc","Water Damage Restoration from Crain Bros Inc serving Paragould, AR 72451.","Water Damage Restoration in Paragould, AR","","0","0","0","0","0","39","0"
"ads\paragould-ar-72451-waterproofing-ad.html","ads-zip-landing","Waterproofing in Paragould, AR | Crain Bros Inc","Waterproofing from Crain Bros Inc serving Paragould, AR 72451.","Waterproofing in Paragould, AR","","0","0","0","0","0","39","0"
"ads\trumann-ar-72472-building-consultant-ad.html","ads-zip-landing","Building Consultant in Trumann, AR | Crain Bros Inc","Building Consultant from Crain Bros Inc serving Trumann, AR 72472.","Building Consultant in Trumann, AR","","0","0","0","0","0","39","0"
"ads\trumann-ar-72472-building-inspector-ad.html","ads-zip-landing","Building Inspection Services in Trumann, AR | Crain Bros Inc","Building Inspection Services from Crain Bros Inc serving Trumann, AR 72472.","Building Inspection Services in Trumann, AR","","0","0","0","0","0","39","0"
"ads\trumann-ar-72472-building-restoration-ad.html","ads-zip-landing","Building Restoration in Trumann, AR | Crain Bros Inc","Building Restoration from Crain Bros Inc serving Trumann, AR 72472.","Building Restoration in Trumann, AR","","0","0","0","0","0","39","0"
"ads\trumann-ar-72472-construction-ad.html","ads-zip-landing","Construction in Trumann, AR | Crain Bros Inc","Construction from Crain Bros Inc serving Trumann, AR 72472.","Construction in Trumann, AR","","0","0","0","0","0","39","0"
"ads\trumann-ar-72472-fire-damage-ad.html","ads-zip-landing","Fire Damage Restoration in Trumann, AR | Crain Bros Inc","Fire Damage Restoration from Crain Bros Inc serving Trumann, AR 72472.","Fire Damage Restoration in Trumann, AR","","0","0","0","0","0","39","0"
"ads\trumann-ar-72472-plumbing-ad.html","ads-zip-landing","Plumbing in Trumann, AR | Crain Bros Inc","Plumbing from Crain Bros Inc serving Trumann, AR 72472.","Plumbing in Trumann, AR","","0","0","0","0","0","39","0"
"ads\trumann-ar-72472-remodeling-ad.html","ads-zip-landing","Remodeling in Trumann, AR | Crain Bros Inc","Remodeling from Crain Bros Inc serving Trumann, AR 72472.","Remodeling in Trumann, AR","","0","0","0","0","0","39","0"
"ads\trumann-ar-72472-water-damage-ad.html","ads-zip-landing","Water Damage Restoration in Trumann, AR | Crain Bros Inc","Water Damage Restoration from Crain Bros Inc serving Trumann, AR 72472.","Water Damage Restoration in Trumann, AR","","0","0","0","0","0","39","0"
"ads\trumann-ar-72472-waterproofing-ad.html","ads-zip-landing","Waterproofing in Trumann, AR | Crain Bros Inc","Waterproofing from Crain Bros Inc serving Trumann, AR 72472.","Waterproofing in Trumann, AR","","0","0","0","0","0","39","0"
"ads\williams-baptist-college-ar-72476-building-consultant-ad.html","ads-zip-landing","Building Consultant in Williams Baptist College, AR | Crain Bros Inc","Building Consultant from Crain Bros Inc serving Williams Baptist College, AR 72476.","Building Consultant in Williams Baptist College, AR","","0","0","0","0","0","39","0"
"ads\williams-baptist-college-ar-72476-building-inspector-ad.html","ads-zip-landing","Building Inspection Services in Williams Baptist College, AR | Crain Bros Inc","Building Inspection Services from Crain Bros Inc serving Williams Baptist College, AR 72476.","Building Inspection Services in Williams Baptist College, AR","","0","0","0","0","0","39","0"
"ads\williams-baptist-college-ar-72476-building-restoration-ad.html","ads-zip-landing","Building Restoration in Williams Baptist College, AR | Crain Bros Inc","Building Restoration from Crain Bros Inc serving Williams Baptist College, AR 72476.","Building Restoration in Williams Baptist College, AR","","0","0","0","0","0","39","0"
"ads\williams-baptist-college-ar-72476-construction-ad.html","ads-zip-landing","Construction in Williams Baptist College, AR | Crain Bros Inc","Construction from Crain Bros Inc serving Williams Baptist College, AR 72476.","Construction in Williams Baptist College, AR","","0","0","0","0","0","39","0"
"ads\williams-baptist-college-ar-72476-fire-damage-ad.html","ads-zip-landing","Fire Damage Restoration in Williams Baptist College, AR | Crain Bros Inc","Fire Damage Restoration from Crain Bros Inc serving Williams Baptist College, AR 72476.","Fire Damage Restoration in Williams Baptist College, AR","","0","0","0","0","0","39","0"
"ads\williams-baptist-college-ar-72476-plumbing-ad.html","ads-zip-landing","Plumbing in Williams Baptist College, AR | Crain Bros Inc","Plumbing from Crain Bros Inc serving Williams Baptist College, AR 72476.","Plumbing in Williams Baptist College, AR","","0","0","0","0","0","39","0"
"ads\williams-baptist-college-ar-72476-remodeling-ad.html","ads-zip-landing","Remodeling in Williams Baptist College, AR | Crain Bros Inc","Remodeling from Crain Bros Inc serving Williams Baptist College, AR 72476.","Remodeling in Williams Baptist College, AR","","0","0","0","0","0","39","0"
"ads\williams-baptist-college-ar-72476-water-damage-ad.html","ads-zip-landing","Water Damage Restoration in Williams Baptist College, AR | Crain Bros Inc","Water Damage Restoration from Crain Bros Inc serving Williams Baptist College, AR 72476.","Water Damage Restoration in Williams Baptist College, AR","","0","0","0","0","0","39","0"
"ads\williams-baptist-college-ar-72476-waterproofing-ad.html","ads-zip-landing","Waterproofing in Williams Baptist College, AR | Crain Bros Inc","Waterproofing from Crain Bros Inc serving Williams Baptist College, AR 72476.","Waterproofing in Williams Baptist College, AR","","0","0","0","0","0","39","0"
